Year,Make,Model,NewUsed,ExteriorColor
2023,Chevrolet,Traverse,USED,Summit White
2023,Chevrolet,Silverado 1500,USED,Black
2023,Chevrolet,Silverado 1500,USED,Radiant Red Tintcoat
2023,Chevrolet,Blazer,NEW,Sterling Gray Metallic
2024,Chevrolet,Silverado 1500,NEW,Summit White
2024,Chevrolet,Malibu,NEW,Mineral Gray Metallic
2023,Chevrolet,Traverse,NEW,Summit White
2024,Chevrolet,Silverado 1500,NEW,Radiant Red Tintcoat
2022,Chevrolet,Malibu,USED,Mineral Gray Metallic
2024,Chevrolet,Silverado 1500,NEW,Black
2024,Chevrolet,Equinox,NEW,Summit White
2024,Chevrolet,Silverado 1500,NEW,Sterling Gray Metallic
2024,Chevrolet,Equinox,NEW,Mosaic Black Metallic
2024,Chevrolet,Camaro,NEW,Vivid Orange Metallic
2024,Chevrolet,Silverado 1500,NEW,Red Hot
2024,Chevrolet,Camaro,NEW,Sharkskin Metallic
2022,Buick,Envision,USED,Summit White
2024,Chevrolet,Blazer,NEW,Sterling Gray Metallic
2024,Chevrolet,Silverado 3500HD,NEW,Summit White
2023,Chevrolet,Bolt EV,NEW,Mosaic Black Metallic
2022,Honda,Odyssey,USED,Gray
2024,Chevrolet,Silverado 1500,NEW,Slate Gray Metallic
2024,Chevrolet,Blazer,NEW,Blue
2024,Chevrolet,Silverado 2500HD,NEW,Summit White
2022,Chevrolet,Tahoe,USED,Satin Steel Metallic
2024,Chevrolet,Blazer,NEW,Red Hot
2024,Chevrolet,Silverado 2500HD,NEW,Black
2024,Chevrolet,Tahoe,NEW,Summit White
2022,Tesla,Model Y,USED,White
2019,Ram,3500,USED,Bright White Clearcoat
2021,Chevrolet,Silverado 1500,USED,Summit White
2023,Chevrolet,Bolt EUV,NEW,Gray Ghost Metallic
2024,Chevrolet,Silverado 2500HD,NEW,Red Hot
2022,Chevrolet,Traverse,USED,Silver Ice Metallic
2024,Chevrolet,Silverado 1500,NEW,Lakeshore Blue Metallic
2023,Chevrolet,Camaro,USED,Rapid Blue
2018,Nissan,Rogue,USED,Magnetic Black
2017,Ford,Super Duty F-350 SRW,USED,White
2023,Chevrolet,Bolt EV,NEW,Silver Flare Metallic
2023,Chevrolet,Bolt EUV,NEW,Silver Flare Metallic
2024,Chevrolet,Trailblazer,NEW,Mosaic Black Metallic
2024,Chevrolet,Trailblazer,NEW,Summit White
2018,Cadillac,ATS-V Coupe,USED,Black Raven
2024,Chevrolet,Blazer,NEW,Black
2024,Chevrolet,Trailblazer,NEW,Iridescent Pearl Tricoat
2024,Chevrolet,Suburban,NEW,Black
2024,Chevrolet,Suburban,NEW,Summit White
2024,Chevrolet,Suburban,NEW,Silver Sage Metallic
2023,Chevrolet,Blazer,USED,Nitro Yellow Metallic
2024,Chevrolet,Trax,NEW,Summit White
2024,Chevrolet,Trax,NEW,Sterling Gray Metallic
2024,Chevrolet,Trax,NEW,Mosaic Black Metallic
2018,Chevrolet,Silverado 1500,USED,Summit White
2020,Chevrolet,Sonic,USED,Kinetic Blue Metallic
2020,Chevrolet,Traverse,USED,
