Year,Make,Model,NewUsed,ExteriorColor,car_details_link
2023,Chevrolet,Traverse,USED,Summit White,https://www.goschchevy.com/inventory/1GNERKKW5PJ188938/
2023,Chevrolet,Silverado 1500,USED,Black,https://www.goschchevy.com/inventory/3GCPACEK6PG255863/
2023,Chevrolet,Silverado 1500,USED,Radiant Red Tintcoat,https://www.goschchevy.com/inventory/1GCPACED6PZ171494/
2023,Chevrolet,Blazer,NEW,Sterling Gray Metallic,https://www.goschchevy.com/inventory/3GNKBFR40PS196916/
2023,Chevrolet,Blazer,NEW,Sterling Gray Metallic,https://www.goschchevy.com/inventory/3GNKBFR44PS218996/
2024,Chevrolet,Silverado 1500,NEW,Summit White,https://www.goschchevy.com/inventory/1GCRABEK3RZ117087/
2024,Chevrolet,Silverado 1500,NEW,Summit White,https://www.goschchevy.com/inventory/1GCPACEDXRZ120972/
2024,Chevrolet,Malibu,NEW,Mineral Gray Metallic,https://www.goschchevy.com/inventory/1G1ZD5ST0RF108041/
2024,Chevrolet,Silverado 1500,NEW,Summit White,https://www.goschchevy.com/inventory/1GCPACED4RZ120885/
2024,Chevrolet,Malibu,NEW,Mineral Gray Metallic,https://www.goschchevy.com/inventory/1G1ZD5STXRF108063/
2024,Chevrolet,Silverado 1500,NEW,Summit White,https://www.goschchevy.com/inventory/1GCPACEDXRZ127484/
2024,Chevrolet,Malibu,NEW,Mineral Gray Metallic,https://www.goschchevy.com/inventory/1G1ZD5ST2RF118506/
2024,Chevrolet,Silverado 1500,NEW,Summit White,https://www.goschchevy.com/inventory/1GCPACED5RZ127537/
2023,Chevrolet,Traverse,NEW,Summit White,https://www.goschchevy.com/inventory/1GNEVKKW0PJ311394/
2024,Chevrolet,Silverado 1500,NEW,Radiant Red Tintcoat,https://www.goschchevy.com/inventory/1GCUDEEL6RZ146059/
2022,Chevrolet,Malibu,USED,Mineral Gray Metallic,https://www.goschchevy.com/inventory/1G1ZD5ST4NF152912/
2023,Chevrolet,Traverse,NEW,Summit White,https://www.goschchevy.com/inventory/1GNEVKKW5PJ320625/
2023,Chevrolet,Traverse,NEW,Summit White,https://www.goschchevy.com/inventory/1GNEVKKW6PJ311545/
2024,Chevrolet,Silverado 1500,NEW,Summit White,https://www.goschchevy.com/inventory/3GCPACED8RG107931/
2024,Chevrolet,Silverado 1500,NEW,Black,https://www.goschchevy.com/inventory/3GCUDCED5RG115379/
2024,Chevrolet,Silverado 1500,NEW,Summit White,https://www.goschchevy.com/inventory/3GCPACED7RG103742/
2024,Chevrolet,Silverado 1500,NEW,Summit White,https://www.goschchevy.com/inventory/3GCPACEDXRG103749/
2024,Chevrolet,Equinox,NEW,Summit White,https://www.goschchevy.com/inventory/3GNAXHEG4RL138703/
2024,Chevrolet,Silverado 1500,NEW,Black,https://www.goschchevy.com/inventory/2GCUDJED6R1130826/
2024,Chevrolet,Silverado 1500,NEW,Sterling Gray Metallic,https://www.goschchevy.com/inventory/1GCPACED1RZ148174/
2024,Chevrolet,Silverado 1500,NEW,Summit White,https://www.goschchevy.com/inventory/3GCPACED0RG107955/
2024,Chevrolet,Silverado 1500,NEW,Summit White,https://www.goschchevy.com/inventory/3GCPACED1RG108158/
2024,Chevrolet,Silverado 1500,NEW,Summit White,https://www.goschchevy.com/inventory/3GCPACED3RG108176/
2024,Chevrolet,Silverado 1500,NEW,Summit White,https://www.goschchevy.com/inventory/3GCPACED9RG107937/
2024,Chevrolet,Equinox,NEW,Mosaic Black Metallic,https://www.goschchevy.com/inventory/3GNAXHEG4RL159521/
2024,Chevrolet,Equinox,NEW,Mosaic Black Metallic,https://www.goschchevy.com/inventory/3GNAXHEG8RL155553/
2024,Chevrolet,Equinox,NEW,Mosaic Black Metallic,https://www.goschchevy.com/inventory/3GNAXHEG8RL159537/
2024,Chevrolet,Silverado 1500,NEW,Summit White,https://www.goschchevy.com/inventory/3GCPACED5RG104050/
2024,Chevrolet,Silverado 1500,NEW,Summit White,https://www.goschchevy.com/inventory/3GCPACED6RG104039/
2024,Chevrolet,Silverado 1500,NEW,Summit White,https://www.goschchevy.com/inventory/3GCPACEDXRG104044/
2024,Chevrolet,Silverado 1500,NEW,Summit White,https://www.goschchevy.com/inventory/3GCPACED5RG108163/
2024,Chevrolet,Silverado 1500,NEW,Summit White,https://www.goschchevy.com/inventory/1GCRABEK9RZ166052/
2024,Chevrolet,Camaro,NEW,Vivid Orange Metallic,https://www.goschchevy.com/inventory/1G1FD3DS8R0106066/
2024,Chevrolet,Silverado 1500,NEW,Summit White,https://www.goschchevy.com/inventory/1GCPABEK2RZ172654/
2024,Chevrolet,Silverado 1500,NEW,Sterling Gray Metallic,https://www.goschchevy.com/inventory/1GCPACED0RZ148117/
2024,Chevrolet,Silverado 1500,NEW,Sterling Gray Metallic,https://www.goschchevy.com/inventory/1GCPACED5RZ148291/
2024,Chevrolet,Silverado 1500,NEW,Summit White,https://www.goschchevy.com/inventory/1GCRDBEK4RZ151918/
2024,Chevrolet,Silverado 1500,NEW,Summit White,https://www.goschchevy.com/inventory/1GCRDBEK8RZ162727/
2024,Chevrolet,Silverado 1500,NEW,Black,https://www.goschchevy.com/inventory/1GCUDGEL3RZ152056/
2024,Chevrolet,Silverado 1500,NEW,Red Hot,https://www.goschchevy.com/inventory/3GCPACED0RG126800/
2024,Chevrolet,Camaro,NEW,Sharkskin Metallic,https://www.goschchevy.com/inventory/1G1FB3DS1R0116010/
2022,Buick,Envision,USED,Summit White,https://www.goschchevy.com/inventory/LRBFZNR47ND043543/
2024,Chevrolet,Silverado 1500,NEW,Summit White,https://www.goschchevy.com/inventory/1GCPABEK0RZ194202/
2024,Chevrolet,Silverado 1500,NEW,Summit White,https://www.goschchevy.com/inventory/1GCRABEKXRZ187265/
2024,Chevrolet,Silverado 1500,NEW,Red Hot,https://www.goschchevy.com/inventory/3GCPACED7RG126342/
2024,Chevrolet,Silverado 1500,NEW,Summit White,https://www.goschchevy.com/inventory/3GCPACEK3RG159241/
2024,Chevrolet,Silverado 1500,NEW,Summit White,https://www.goschchevy.com/inventory/3GCPACEK4RG159250/
2024,Chevrolet,Silverado 1500,NEW,Red Hot,https://www.goschchevy.com/inventory/3GCPACED7RG126793/
2024,Chevrolet,Blazer,NEW,Sterling Gray Metallic,https://www.goschchevy.com/inventory/3GNKBERS6RS181297/
2024,Chevrolet,Silverado 3500HD,NEW,Summit White,https://www.goschchevy.com/inventory/1GC4YVEY4RF282501/
2023,Chevrolet,Bolt EV,NEW,Mosaic Black Metallic,https://www.goschchevy.com/inventory/1G1FX6S00P4202726/
2024,Chevrolet,Silverado 1500,NEW,Sterling Gray Metallic,https://www.goschchevy.com/inventory/2GCUDDED3R1175627/
2024,Chevrolet,Silverado 1500,NEW,Summit White,https://www.goschchevy.com/inventory/2GCUDDEDXR1175642/
2022,Honda,Odyssey,USED,Gray,https://www.goschchevy.com/inventory/5FNRL6H73NB001509/
2024,Chevrolet,Silverado 1500,NEW,Slate Gray Metallic,https://www.goschchevy.com/inventory/3GCPACED6RG127322/
2024,Chevrolet,Blazer,NEW,Blue,https://www.goschchevy.com/inventory/3GNKBERSXRS184090/
2024,Chevrolet,Silverado 2500HD,NEW,Summit White,https://www.goschchevy.com/inventory/1GC4YREY2RF286943/
2024,Chevrolet,Silverado 1500,NEW,Sterling Gray Metallic,https://www.goschchevy.com/inventory/2GCUDDED5R1175581/
2022,Chevrolet,Tahoe,USED,Satin Steel Metallic,https://www.goschchevy.com/inventory/1GNSKSKD1NR155990/
2024,Chevrolet,Silverado 1500,NEW,Sterling Gray Metallic,https://www.goschchevy.com/inventory/3GCPABEK4RG155600/
2023,Chevrolet,Traverse,NEW,Summit White,https://www.goschchevy.com/inventory/1GNERNKW4PJ332402/
2024,Chevrolet,Silverado 1500,NEW,Sterling Gray Metallic,https://www.goschchevy.com/inventory/2GCUDDED2R1175604/
2024,Chevrolet,Silverado 1500,NEW,Summit White,https://www.goschchevy.com/inventory/2GCUDDED7R1175663/
2023,Chevrolet,Traverse,NEW,Summit White,https://www.goschchevy.com/inventory/1GNERNKW4PJ335218/
2024,Chevrolet,Blazer,NEW,Red Hot,https://www.goschchevy.com/inventory/3GNKBERS6RS183700/
2024,Chevrolet,Silverado 2500HD,NEW,Black,https://www.goschchevy.com/inventory/2GC4YREY8R1164028/
2024,Chevrolet,Silverado 1500,NEW,Summit White,https://www.goschchevy.com/inventory/2GCUDDED0R1175651/
2024,Chevrolet,Silverado 1500,NEW,Summit White,https://www.goschchevy.com/inventory/2GCUDDED1R1175674/
2024,Chevrolet,Silverado 3500HD,NEW,Summit White,https://www.goschchevy.com/inventory/2GC4YVEY3R1121726/
2023,Chevrolet,Traverse,NEW,Summit White,https://www.goschchevy.com/inventory/1GNERNKW5PJ338273/
2024,Chevrolet,Tahoe,NEW,Summit White,https://www.goschchevy.com/inventory/1GNSKMKDXRR120494/
2024,Chevrolet,Silverado 1500,NEW,Summit White,https://www.goschchevy.com/inventory/1GCPABEK0RZ222368/
2024,Chevrolet,Silverado 1500,NEW,Summit White,https://www.goschchevy.com/inventory/1GCPABEKXRZ222619/
2024,Chevrolet,Silverado 1500,NEW,Summit White,https://www.goschchevy.com/inventory/1GCRABEK7RZ187322/
2024,Chevrolet,Tahoe,NEW,Summit White,https://www.goschchevy.com/inventory/1GNSKTKL5RR120484/
2022,Tesla,Model Y,USED,White,https://www.goschchevy.com/inventory/7SAYGDEF2NF406828/
2019,Ram,3500,USED,Bright White Clearcoat,https://www.goschchevy.com/inventory/3C63R3EJXKG534117/
2021,Chevrolet,Silverado 1500,USED,Summit White,https://www.goschchevy.com/inventory/3GCUYEEL3MG320862/
2023,Chevrolet,Bolt EUV,NEW,Gray Ghost Metallic,https://www.goschchevy.com/inventory/1G1FY6S01P4207673/
2024,Chevrolet,Silverado 2500HD,NEW,Red Hot,https://www.goschchevy.com/inventory/2GC1YNEY3R1162991/
2024,Chevrolet,Silverado 1500,NEW,Summit White,https://www.goschchevy.com/inventory/3GCPACEK1RG159240/
2024,Chevrolet,Silverado 1500,NEW,Summit White,https://www.goschchevy.com/inventory/3GCPACEK5RG159242/
2024,Chevrolet,Silverado 1500,NEW,Red Hot,https://www.goschchevy.com/inventory/3GCUDFE85RG157894/
2022,Chevrolet,Traverse,USED,Silver Ice Metallic,https://www.goschchevy.com/inventory/1GNEVKKW6NJ174121/
2024,Chevrolet,Silverado 1500,NEW,Lakeshore Blue Metallic,https://www.goschchevy.com/inventory/3GCPDBEK0RG212186/
2024,Chevrolet,Silverado 1500,NEW,Summit White,https://www.goschchevy.com/inventory/3GCPDBEK1RG211547/
2024,Chevrolet,Silverado 1500,NEW,Lakeshore Blue Metallic,https://www.goschchevy.com/inventory/3GCPDBEK1RG212178/
2024,Chevrolet,Silverado 1500,NEW,Lakeshore Blue Metallic,https://www.goschchevy.com/inventory/3GCPDBEK7RG212184/
2023,Chevrolet,Camaro,USED,Rapid Blue,https://www.goschchevy.com/inventory/1G1FF3D72P0107877/
2018,Nissan,Rogue,USED,Magnetic Black,https://www.goschchevy.com/inventory/5N1AT2MT3JC758194/
2017,Ford,Super Duty F-350 SRW,USED,White,https://www.goschchevy.com/inventory/1FT8W3BT3HEB51908/
2023,Chevrolet,Bolt EV,NEW,Silver Flare Metallic,https://www.goschchevy.com/inventory/1G1FX6S08P4207530/
2023,Chevrolet,Bolt EUV,NEW,Silver Flare Metallic,https://www.goschchevy.com/inventory/1G1FY6S02P4207696/
2023,Chevrolet,Bolt EUV,NEW,Gray Ghost Metallic,https://www.goschchevy.com/inventory/1G1FY6S05P4207661/
2024,Chevrolet,Malibu,NEW,Mineral Gray Metallic,https://www.goschchevy.com/inventory/1G1ZD5ST6RF157406/
2024,Chevrolet,Trailblazer,NEW,Mosaic Black Metallic,https://www.goschchevy.com/inventory/KL79MMSLXRB048937/
2024,Chevrolet,Trailblazer,NEW,Summit White,https://www.goschchevy.com/inventory/KL79MPSL9RB049126/
2024,Chevrolet,Trailblazer,NEW,Summit White,https://www.goschchevy.com/inventory/KL79MRSL1RB093732/
2018,Cadillac,ATS-V Coupe,USED,Black Raven,https://www.goschchevy.com/inventory/1G6AL1RY5J0176234/
2024,Chevrolet,Silverado 1500,NEW,Summit White,https://www.goschchevy.com/inventory/1GCPDBEK4RZ236426/
2024,Chevrolet,Silverado 1500,NEW,Lakeshore Blue Metallic,https://www.goschchevy.com/inventory/1GCPDBEK8RZ235487/
2024,Chevrolet,Silverado 1500,NEW,Summit White,https://www.goschchevy.com/inventory/1GCPDBEK8RZ236798/
2024,Chevrolet,Blazer,NEW,Black,https://www.goschchevy.com/inventory/3GNKBERS0RS196992/
2024,Chevrolet,Trailblazer,NEW,Mosaic Black Metallic,https://www.goschchevy.com/inventory/KL79MPSL9RB046159/
2024,Chevrolet,Trailblazer,NEW,Iridescent Pearl Tricoat,https://www.goschchevy.com/inventory/KL79MRSL9RB095258/
2024,Chevrolet,Silverado 1500,NEW,Summit White,https://www.goschchevy.com/inventory/1GCPDBEK6RZ236847/
2024,Chevrolet,Blazer,NEW,Black,https://www.goschchevy.com/inventory/3GNKBERS5RS196955/
2024,Chevrolet,Silverado 1500,NEW,Summit White,https://www.goschchevy.com/inventory/1GCPDBEK7RZ236906/
2024,Chevrolet,Trailblazer,NEW,Iridescent Pearl Tricoat,https://www.goschchevy.com/inventory/KL79MRSL8RB094912/
2024,Chevrolet,Silverado 1500,NEW,Lakeshore Blue Metallic,https://www.goschchevy.com/inventory/1GCPDBEK1RZ234990/
2024,Chevrolet,Suburban,NEW,Black,https://www.goschchevy.com/inventory/1GNSKGKT1RR150041/
2023,Chevrolet,Bolt EUV,NEW,Gray Ghost Metallic,https://www.goschchevy.com/inventory/1G1FY6S07P4207483/
2024,Chevrolet,Suburban,NEW,Black,https://www.goschchevy.com/inventory/1GNSKGKL7RR155809/
2024,Chevrolet,Suburban,NEW,Summit White,https://www.goschchevy.com/inventory/1GNSKGKT9RR153219/
2024,Chevrolet,Suburban,NEW,Silver Sage Metallic,https://www.goschchevy.com/inventory/1GNSKEKD5RR146877/
2023,Chevrolet,Blazer,USED,Nitro Yellow Metallic,https://www.goschchevy.com/inventory/3GNKBERS4PS136906/
2024,Chevrolet,Silverado 1500,NEW,Summit White,https://www.goschchevy.com/inventory/3GCUDFED6RG119605/
2024,Chevrolet,Silverado 1500,NEW,Slate Gray Metallic,https://www.goschchevy.com/inventory/3GCPACEK6RG220646/
2024,Chevrolet,Silverado 1500,NEW,Lakeshore Blue Metallic,https://www.goschchevy.com/inventory/1GCPABEK0RZ245228/
2024,Chevrolet,Silverado 1500,NEW,Slate Gray Metallic,https://www.goschchevy.com/inventory/3GCPACEK8RG220504/
2024,Chevrolet,Silverado 1500,NEW,Summit White,https://www.goschchevy.com/inventory/3GCPABEKXRG168111/
2024,Chevrolet,Silverado 1500,NEW,Lakeshore Blue Metallic,https://www.goschchevy.com/inventory/3GCPACEK3RG221012/
2024,Chevrolet,Silverado 1500,NEW,Lakeshore Blue Metallic,https://www.goschchevy.com/inventory/3GCPACEK7RG221028/
2024,Chevrolet,Silverado 1500,NEW,Summit White,https://www.goschchevy.com/inventory/3GCPDBEK3RG211551/
2024,Chevrolet,Silverado 1500,NEW,Lakeshore Blue Metallic,https://www.goschchevy.com/inventory/3GCPDBEK4RG212174/
2024,Chevrolet,Silverado 1500,NEW,Lakeshore Blue Metallic,https://www.goschchevy.com/inventory/3GCPDBEKXRG212180/
2024,Chevrolet,Trax,NEW,Summit White,https://www.goschchevy.com/inventory/KL77LGE29RC179799/
2024,Chevrolet,Trax,NEW,Sterling Gray Metallic,https://www.goschchevy.com/inventory/KL77LGE2XRC100625/
2024,Chevrolet,Trax,NEW,Summit White,https://www.goschchevy.com/inventory/KL77LJE26RC180664/
2024,Chevrolet,Trax,NEW,Mosaic Black Metallic,https://www.goschchevy.com/inventory/KL77LKE29RC180163/
2018,Chevrolet,Silverado 1500,USED,Summit White,https://www.goschchevy.com/inventory/1GCNKREC7JZ110046/
2020,Chevrolet,Sonic,USED,Kinetic Blue Metallic,https://www.goschchevy.com/inventory/1G1JD5SB1L4122196/
2020,Chevrolet,Traverse,USED,,https://www.goschchevy.com/inventory/1GNERFKW0LJ104915/
